5054,USDTRY,29/03/2025,37.9808,,
5055,USDTRY,30/03/2025,37.9751,,
5056,USDTRY,31/03/2025,37.89859,, 
5057,USDTRY,01/04/2025,37.9605,,
5058,USDTRY,02/04/2025,37.94462,,
5059,USDTRY,03/04/2025,38.0057,,
5060,USDTRY,04/04/2025,37.9889,,
5061,USDTRY,05/04/2025,37.9628,,
5062,USDTRY,06/04/2025,38.0009,,
5063,USDTRY,07/04/2025,38.0048,,
5064,USDTRY,08/04/2025,38.008,,
5065,USDTRY,09/04/2025,37.9629,,
5066,USDTRY,10/04/2025,38.0356,,
5067,USDTRY,11/04/2025,37.926,,
5068,USDTRY,12/04/2025,37.926,,
5069,USDTRY,13/04/2025,37.9851,,
5070,USDTRY,14/04/2025,38.0384,,
5071,USDTRY,15/04/2025,38.1706,,
5072,USDTRY,16/04/2025,38.1434,,
5073,USDTRY,17/04/2025,38.0158,,
5074,USDTRY,21/04/2025,38.2358,,
5075,USDTRY,22/04/2025,38.2804,,
5076,USDTRY,23/04/2025,38.28562,,
5077,USDTRY,24/04/2025,38.415,,
5078,USDTRY,25/04/2025,38.4168,,
5079,USDTRY,26/04/2025,38.4168,,
5080,USDTRY,27/04/2025,38.424,,
5081,USDTRY,28/04/2025,38.4416,,
5082,USDTRY,29/04/2025,38.4994,,
5083,USDTRY,30/04/2025,38.50172,,
5084,USDTRY,01/05/2025,38.5584,,
5085,USDTRY,02/05/2025,38.4598,,
5086,USDTRY,03/05/2025,38.4598,,
5087,USDTRY,04/05/2025,38.57177,,
5088,USDTRY,05/05/2025,38.6105,,
5089,USDTRY,06/05/2025,38.6329,,
5090,USDTRY,07/05/2025,38.6441,,
5091,USDTRY,08/05/2025,38.7245,,
5092,USDTRY,09/05/2025,38.7408,,
5093,USDTRY,10/05/2025,38.7285,,
5094,USDTRY,11/05/2025,38.7402,,
5095,USDTRY,12/05/2025,38.7899,,
5096,USDTRY,13/05/2025,38.75848,,
5097,USDTRY,14/05/2025,38.7677,,
5098,USDTRY,15/05/2025,38.8362,,
5099,USDTRY,16/05/2025,38.6728,,
5100,USDTRY,17/05/2025,38.6728,,
5101,USDTRY,18/05/2025,38.8563,,
5102,USDTRY,19/05/2025,38.8461,,
5103,USDTRY,20/05/2025,38.8353,,
5104,USDTRY,21/05/2025,38.8301,,
5105,USDTRY,22/05/2025,39.03333,,
5106,USDTRY,23/05/2025,38.8515,,
5107,USDTRY,25/05/2025,39.0004,,
5108,USDTRY,26/05/2025,38.9939,,
5109,USDTRY,27/05/2025,39.0595,,
5110,USDTRY,28/05/2025,39.09429,,
5111,USDTRY,29/05/2025,39.20849,,
5112,USDTRY,30/05/2025,39.1908,,
5113,USDTRY,01/06/2025,39.2544,,
5114,USDTRY,02/06/2025,39.1453,,
5115,USDTRY,03/06/2025,39.1446,,
5116,USDTRY,04/06/2025,39.2644,,
5117,USDTRY,05/06/2025,39.2825,,
5118,USDTRY,06/06/2025,39.2143,,
5119,USDTRY,07/06/2025,39.2165,,
5120,USDTRY,08/06/2025,39.2441,,
5121,USDTRY,09/06/2025,39.29912,,
5122,USDTRY,10/06/2025,39.1956,,
5123,USDTRY,11/06/2025,39.12954,,
5124,USDTRY,12/06/2025,39.3956,,
5125,USDTRY,13/06/2025,39.368,,
5126,USDTRY,14/06/2025,39.368,,
5127,USDTRY,16/06/2025,39.3876,,
5128,USDTRY,17/06/2025,39.5209,,
5129,USDTRY,18/06/2025,39.5341,,
5130,USDTRY,19/06/2025,39.6637,,
5131,USDTRY,20/06/2025,39.6414,,
5132,USDTRY,21/06/2025,39.6133,,
5133,USDTRY,22/06/2025,39.7205,,
5134,USDTRY,23/06/2025,39.6707,,
5135,USDTRY,24/06/2025,39.6245,,
5136,USDTRY,25/06/2025,39.7586,,
5137,USDTRY,26/06/2025,39.8543,,
5138,USDTRY,27/06/2025,39.813,,
5139,USDTRY,28/06/2025,39.813,,
5140,USDTRY,29/06/2025,39.8906,,
5141,USDTRY,30/06/2025,39.8266,,
5142,USDTRY,01/07/2025,39.8388,,
5143,USDTRY,02/07/2025,39.9047,,
5144,USDTRY,03/07/2025,39.8206,,
5145,USDTRY,04/07/2025,39.8337,,
5146,USDTRY,05/07/2025,39.828,,
5147,USDTRY,06/07/2025,39.951,,
5148,USDTRY,07/07/2025,40.0032,,
5149,USDTRY,08/07/2025,40.02955,,
5150,USDTRY,09/07/2025,40.0463,,
5151,USDTRY,10/07/2025,40.1591,,
5152,USDTRY,11/07/2025,40.1608,,
5153,USDTRY,12/07/2025,40.148,,
5154,USDTRY,13/07/2025,40.1946,,
5155,USDTRY,14/07/2025,40.2269,,
5156,USDTRY,15/07/2025,40.2543,,
5157,USDTRY,16/07/2025,40.2407,,
5158,USDTRY,17/07/2025,40.336,,
5159,USDTRY,18/07/2025,40.3673,,
5160,USDTRY,19/07/2025,40.348,,
5161,USDTRY,20/07/2025,40.3945,,
5162,USDTRY,21/07/2025,40.4044,,
5163,USDTRY,22/07/2025,40.434,,
5164,USDTRY,23/07/2025,40.4511,,
5165,USDTRY,24/07/2025,40.536,,
5166,USDTRY,25/07/2025,40.5493,,
5167,USDTRY,26/07/2025,40.5493,,
5168,USDTRY,27/07/2025,40.5403,,
5169,USDTRY,28/07/2025,40.5617,,
5170,USDTRY,29/07/2025,40.572,,
5171,USDTRY,30/07/2025,40.587,,
5172,USDTRY,31/07/2025,40.6628,,
5173,USDTRY,01/08/2025,40.6288,,
5174,USDTRY,02/08/2025,40.6185,,
5175,USDTRY,03/08/2025,40.6778,,
5176,USDTRY,04/08/2025,40.6749,,
5177,USDTRY,05/08/2025,40.669,,
5178,USDTRY,06/08/2025,40.6594,,
5179,USDTRY,07/08/2025,40.65601,,
5180,USDTRY,08/08/2025,40.793,,
5181,USDTRY,09/08/2025,40.793,,
5182,USDTRY,10/08/2025,40.7473,,
5183,USDTRY,11/08/2025,40.7085,,
5184,USDTRY,12/08/2025,40.755,,
5185,USDTRY,13/08/2025,40.7819,,
5186,USDTRY,14/08/2025,40.8469,,
5187,USDTRY,15/08/2025,40.798,,
5188,USDTRY,17/08/2025,40.8989,,
5189,USDTRY,18/08/2025,40.8831,,
5190,USDTRY,19/08/2025,40.86961,,
5191,USDTRY,20/08/2025,40.9118,,
5192,USDTRY,21/08/2025,41.0076,,
5193,USDTRY,22/08/2025,41.173,,
5194,USDTRY,24/08/2025,40.9603,,
5195,USDTRY,25/08/2025,41.0035,,
5196,USDTRY,26/08/2025,41.0375,,
5197,USDTRY,27/08/2025,41.0519,,
5198,USDTRY,28/08/2025,41.1405,,
5199,USDTRY,29/08/2025,41.098,,
5200,USDTRY,30/08/2025,41.098,,
5201,USDTRY,31/08/2025,41.1424,,
5202,USDTRY,01/09/2025,41.1429,,
5203,USDTRY,02/09/2025,41.1662,,
5204,USDTRY,03/09/2025,41.1636,,
5205,USDTRY,05/09/2025,41.2393922,,